{"train_loss": 0.2398, "val_loss": 0.2871749699115753, "test_loss": 0.4474944472312927, "BG_F1": 0.8010204081632653, "CZ_F1": 0.6867391304347826, "DE_F1": 0.9702071005917159, "EN_F1": 0.6893750000000001, "ES_F1": 0.7338, "FI_F1": 0.83375, "FR_F1": 0.7072128378378378, "NL_F1": 0.7646938775510204, "PL_F1": 0.8301999999999999, "SL_F1": 0.73875}