{"train_loss": 0.2439, "val_loss": 0.2839458584785461, "test_loss": 0.4422231018543243, "BG_F1": 0.7534693877551021, "CZ_F1": 0.6865217391304348, "DE_F1": 0.9641765285996055, "EN_F1": 0.6675, "ES_F1": 0.6335999999999999, "FI_F1": 0.832625, "FR_F1": 0.6854222972972973, "NL_F1": 0.6912244897959183, "PL_F1": 0.8062, "SL_F1": 0.68}