{"train_loss": 0.2625, "val_loss": 0.2949527204036712, "test_loss": 0.4553228318691253, "BG_F1": 0.7430612244897958, "CZ_F1": 0.6784782608695652, "DE_F1": 0.9628303747534516, "EN_F1": 0.6564583333333333, "ES_F1": 0.6324000000000001, "FI_F1": 0.830875, "FR_F1": 0.6721283783783784, "NL_F1": 0.692857142857143, "PL_F1": 0.8026000000000001, "SL_F1": 0.6795833333333333}