{"train_loss": 0.2398, "val_loss": 0.2871749699115753, "test_loss": 0.4474944472312927, "BG_F1": 0.7534693877551021, "CZ_F1": 0.6789130434782609, "DE_F1": 0.9649556213017751, "EN_F1": 0.6564583333333333, "ES_F1": 0.6386, "FI_F1": 0.83375, "FR_F1": 0.6869425675675676, "NL_F1": 0.686530612244898, "PL_F1": 0.8068000000000001, "SL_F1": 0.6706249999999999}