{"train_loss": 0.6192, "val_loss": 0.4882390201091766, "test_loss": 0.5294567942619324, "perfect_correction_BG_%ed_impr": 15.93752654810339, "perfect_correction_CZ_%ed_impr": -18.094217077593036, "perfect_correction_DE_%ed_impr": 56.43409486288351, "perfect_correction_EN_%ed_impr": 2.424572655752256, "perfect_correction_ES_%ed_impr": 7.4680148249025455, "perfect_correction_FI_%ed_impr": 37.74825903263403, "perfect_correction_FR_%ed_impr": 10.861103349898507, "perfect_correction_NL_%ed_impr": 6.205806462745806, "perfect_correction_PL_%ed_impr": 8.981189909024826, "perfect_correction_SL_%ed_impr": -14.220111503440561, "predicted_correction_BG_%ed_impr": 10.475322957616134, "predicted_correction_CZ_%ed_impr": -20.686372483047677, "predicted_correction_DE_%ed_impr": 51.57987191759324, "predicted_correction_EN_%ed_impr": -8.814793917547904, "predicted_correction_ES_%ed_impr": 0.9215807089081153, "predicted_correction_FI_%ed_impr": 34.24799263236763, "predicted_correction_FR_%ed_impr": 1.6430491861427792, "predicted_correction_NL_%ed_impr": -0.05489019104037768, "predicted_correction_PL_%ed_impr": 4.990619176581028, "predicted_correction_SL_%ed_impr": -23.55107331629712}