{"train_loss": 0.4592, "val_loss": 0.3836239278316498, "test_loss": 0.4266203045845032, "perfect_correction_BG_%ed_impr": 21.413147706109243, "perfect_correction_CZ_%ed_impr": -14.23406536577892, "perfect_correction_DE_%ed_impr": 64.63290538317992, "perfect_correction_EN_%ed_impr": 2.291634501059036, "perfect_correction_ES_%ed_impr": 9.877573930161851, "perfect_correction_FI_%ed_impr": 42.10727154789655, "perfect_correction_FR_%ed_impr": 12.965366275267609, "perfect_correction_NL_%ed_impr": 13.812184118008508, "perfect_correction_PL_%ed_impr": 16.824148404534416, "perfect_correction_SL_%ed_impr": -8.487725734878996, "predicted_correction_BG_%ed_impr": 12.927990664300342, "predicted_correction_CZ_%ed_impr": -15.016284236233085, "predicted_correction_DE_%ed_impr": 58.99314459596294, "predicted_correction_EN_%ed_impr": -7.171232026770709, "predicted_correction_ES_%ed_impr": 2.840872225722515, "predicted_correction_FI_%ed_impr": 37.47302246364747, "predicted_correction_FR_%ed_impr": 0.5068973346209621, "predicted_correction_NL_%ed_impr": 5.7278097641691685, "predicted_correction_PL_%ed_impr": 11.48744739461061, "predicted_correction_SL_%ed_impr": -19.39372579311396}