{"train_loss": 7.310251626014709, "val_loss": 7.631718857658534, "test_loss": 8.613492756178495, "perfect_correction_BG_%ed_impr": 16.769086677433165, "perfect_correction_CZ_%ed_impr": -66.99355857923632, "perfect_correction_DE_%ed_impr": 25.210708503355743, "perfect_correction_EN_%ed_impr": -4.385973394900453, "perfect_correction_ES_%ed_impr": 17.1528686353675, "perfect_correction_FI_%ed_impr": 20.986847527472527, "perfect_correction_FR_%ed_impr": NaN, "perfect_correction_NL_%ed_impr": 10.285384473089291, "perfect_correction_PL_%ed_impr": -6.533177145448016, "perfect_correction_SL_%ed_impr": -31.963720270660136, "predicted_correction_BG_%ed_impr": -3.6511954118115173, "predicted_correction_CZ_%ed_impr": -47.90094048406068, "predicted_correction_DE_%ed_impr": 28.364987128769876, "predicted_correction_EN_%ed_impr": -20.12426585471725, "predicted_correction_ES_%ed_impr": -6.960544580513462, "predicted_correction_FI_%ed_impr": 17.545135073260077, "predicted_correction_FR_%ed_impr": -12.623987193550919, "predicted_correction_NL_%ed_impr": -7.490033276778255, "predicted_correction_PL_%ed_impr": -15.059234351571192, "predicted_correction_SL_%ed_impr": -47.24006275611916}