{"train_loss": 0.4285, "val_loss": 0.356132298707962, "test_loss": 0.3938777148723602, "perfect_correction_BG_%ed_impr": 25.155163234139465, "perfect_correction_CZ_%ed_impr": 8.46508568375576, "perfect_correction_DE_%ed_impr": 65.85473403538587, "perfect_correction_EN_%ed_impr": 16.612142332591755, "perfect_correction_ES_%ed_impr": 19.242637960181934, "perfect_correction_FI_%ed_impr": 47.72494866244866, "perfect_correction_FR_%ed_impr": 9.95692872425895, "perfect_correction_NL_%ed_impr": 24.344013718256942, "perfect_correction_PL_%ed_impr": 26.875665118199457, "perfect_correction_SL_%ed_impr": 18.44581576317861, "predicted_correction_BG_%ed_impr": 16.31432792870283, "predicted_correction_CZ_%ed_impr": -3.5663663860594816, "predicted_correction_DE_%ed_impr": 59.63687434554864, "predicted_correction_EN_%ed_impr": -6.968937786733914, "predicted_correction_ES_%ed_impr": 9.840997007590826, "predicted_correction_FI_%ed_impr": 41.50749666999667, "predicted_correction_FR_%ed_impr": -2.2652627130559697, "predicted_correction_NL_%ed_impr": 14.69157424993657, "predicted_correction_PL_%ed_impr": 19.019169609513884, "predicted_correction_SL_%ed_impr": 10.801093087164107}