{"train_loss": 0.2885, "val_loss": 0.2521135210990906, "test_loss": 0.2787809669971466, "perfect_correction_BG_%ed_impr": 22.717502917672526, "perfect_correction_CZ_%ed_impr": 10.018819724702078, "perfect_correction_DE_%ed_impr": 71.74448651029573, "perfect_correction_EN_%ed_impr": 18.015774357008556, "perfect_correction_ES_%ed_impr": 22.050295051040056, "perfect_correction_FI_%ed_impr": 49.50753794816295, "perfect_correction_FR_%ed_impr": 25.342559418480274, "perfect_correction_NL_%ed_impr": 27.61455461784628, "perfect_correction_PL_%ed_impr": 27.973420450085758, "perfect_correction_SL_%ed_impr": 15.12004282682131, "predicted_correction_BG_%ed_impr": 13.602410700659993, "predicted_correction_CZ_%ed_impr": -2.269581700527992, "predicted_correction_DE_%ed_impr": 65.28672563210407, "predicted_correction_EN_%ed_impr": -4.396455120588532, "predicted_correction_ES_%ed_impr": 11.48081054339151, "predicted_correction_FI_%ed_impr": 42.75394813519814, "predicted_correction_FR_%ed_impr": 6.715228600630409, "predicted_correction_NL_%ed_impr": 16.63226944960605, "predicted_correction_PL_%ed_impr": 20.826221308919248, "predicted_correction_SL_%ed_impr": 0.5024958348310518}