{"train_loss": 23.257548828125, "val_loss": 19.877145020723148, "test_loss": 20.81730119857481, "perfect_correction_BG_%ed_impr": -214.16808636022054, "perfect_correction_CZ_%ed_impr": -302.2735267236546, "perfect_correction_DE_%ed_impr": -144.95951511692388, "perfect_correction_EN_%ed_impr": -118.05168576862519, "perfect_correction_ES_%ed_impr": -74.63140861529361, "perfect_correction_FI_%ed_impr": -283.2517995892996, "perfect_correction_FR_%ed_impr": NaN, "perfect_correction_NL_%ed_impr": -95.1077046003904, "perfect_correction_PL_%ed_impr": -147.24603825434767, "perfect_correction_SL_%ed_impr": -174.90449525173815, "predicted_correction_BG_%ed_impr": -225.35230259103048, "predicted_correction_CZ_%ed_impr": -216.2935717539298, "predicted_correction_DE_%ed_impr": -145.51416590290003, "predicted_correction_EN_%ed_impr": -122.82232096608418, "predicted_correction_ES_%ed_impr": -77.97900559353711, "predicted_correction_FI_%ed_impr": -279.0886183261183, "predicted_correction_FR_%ed_impr": -194.79239450434667, "predicted_correction_NL_%ed_impr": -110.76478843800136, "predicted_correction_PL_%ed_impr": -140.6446584894846, "predicted_correction_SL_%ed_impr": -183.40664517580493}
