{"train_loss": 0.2877, "val_loss": 0.2515017390251159, "test_loss": 0.277634710073471, "perfect_correction_BG_%ed_impr": 22.337192719707303, "perfect_correction_CZ_%ed_impr": 1.275095181744799, "perfect_correction_DE_%ed_impr": 71.89830171944051, "perfect_correction_EN_%ed_impr": 11.86406081778776, "perfect_correction_ES_%ed_impr": 22.71406843657706, "perfect_correction_FI_%ed_impr": 49.24456481018981, "perfect_correction_FR_%ed_impr": 23.540373802174795, "perfect_correction_NL_%ed_impr": 27.40514622810391, "perfect_correction_PL_%ed_impr": 27.92533147241141, "perfect_correction_SL_%ed_impr": 14.312359735130864, "predicted_correction_BG_%ed_impr": 12.94657437194607, "predicted_correction_CZ_%ed_impr": -21.00880685919049, "predicted_correction_DE_%ed_impr": 65.33765420347136, "predicted_correction_EN_%ed_impr": -4.815159208222346, "predicted_correction_ES_%ed_impr": 11.658129799908233, "predicted_correction_FI_%ed_impr": 42.3283528971029, "predicted_correction_FR_%ed_impr": 6.982885228014195, "predicted_correction_NL_%ed_impr": 18.290858988495543, "predicted_correction_PL_%ed_impr": 22.274874904770265, "predicted_correction_SL_%ed_impr": 2.1364559590631953}