{"train_loss": 7.035337067127228, "val_loss": 7.531168795152685, "test_loss": 8.52123194542849, "perfect_correction_BG_%ed_impr": -282.99242487317554, "perfect_correction_CZ_%ed_impr": -444.2012551603344, "perfect_correction_DE_%ed_impr": -131.266215878352, "perfect_correction_EN_%ed_impr": -170.871960574817, "perfect_correction_ES_%ed_impr": -126.89620854308487, "perfect_correction_FI_%ed_impr": -226.32958603896105, "perfect_correction_FR_%ed_impr": -292.2555061918994, "perfect_correction_NL_%ed_impr": -144.25593260481799, "perfect_correction_PL_%ed_impr": -195.1136233584075, "perfect_correction_SL_%ed_impr": -275.35602388196736, "predicted_correction_BG_%ed_impr": -296.2548852312327, "predicted_correction_CZ_%ed_impr": -363.9944257655255, "predicted_correction_DE_%ed_impr": -140.12489000049484, "predicted_correction_EN_%ed_impr": -180.48265816643516, "predicted_correction_ES_%ed_impr": -114.44729490529402, "predicted_correction_FI_%ed_impr": -220.33146298146298, "predicted_correction_FR_%ed_impr": -236.7174089970392, "predicted_correction_NL_%ed_impr": -156.02899370817732, "predicted_correction_PL_%ed_impr": -184.06409286482778, "predicted_correction_SL_%ed_impr": -305.2791281004541}