{"train_loss": 8.595188051536567, "val_loss": 9.212168355464936, "test_loss": 9.199934135306986, "perfect_correction_BG_%ed_impr": 13.976112210997979, "perfect_correction_CZ_%ed_impr": -63.66966120163051, "perfect_correction_DE_%ed_impr": 21.41087578168841, "perfect_correction_EN_%ed_impr": -1.620897577624221, "perfect_correction_ES_%ed_impr": 17.23025005631947, "perfect_correction_FI_%ed_impr": 15.037893703518705, "perfect_correction_FR_%ed_impr": NaN, "perfect_correction_NL_%ed_impr": 8.374659737316499, "perfect_correction_PL_%ed_impr": -5.204489320874001, "perfect_correction_SL_%ed_impr": -24.90344053462807, "predicted_correction_BG_%ed_impr": -4.779399993827787, "predicted_correction_CZ_%ed_impr": -45.22380682866616, "predicted_correction_DE_%ed_impr": 24.856469551029715, "predicted_correction_EN_%ed_impr": -16.302388520059555, "predicted_correction_ES_%ed_impr": -5.5708213016466654, "predicted_correction_FI_%ed_impr": 12.206886516261516, "predicted_correction_FR_%ed_impr": -12.933472499941491, "predicted_correction_NL_%ed_impr": -9.06767145558968, "predicted_correction_PL_%ed_impr": -15.099506553308737, "predicted_correction_SL_%ed_impr": -37.12856155405437}