{"train_loss": 17.9494482421875, "val_loss": 21.91692504386188, "test_loss": 20.66446776502369, "perfect_correction_BG_%ed_impr": -215.2183528364888, "perfect_correction_CZ_%ed_impr": -290.9063366927817, "perfect_correction_DE_%ed_impr": -135.07478391467868, "perfect_correction_EN_%ed_impr": -110.17014417211224, "perfect_correction_ES_%ed_impr": -70.10591324456882, "perfect_correction_FI_%ed_impr": -282.70454302641804, "perfect_correction_FR_%ed_impr": NaN, "perfect_correction_NL_%ed_impr": -90.11939327441567, "perfect_correction_PL_%ed_impr": -138.4697599694794, "perfect_correction_SL_%ed_impr": -163.33320980024283, "predicted_correction_BG_%ed_impr": -225.75619621450682, "predicted_correction_CZ_%ed_impr": -204.88490359334347, "predicted_correction_DE_%ed_impr": -134.7586125364807, "predicted_correction_EN_%ed_impr": -115.60609913484012, "predicted_correction_ES_%ed_impr": -73.97845848631744, "predicted_correction_FI_%ed_impr": -282.4314976689977, "predicted_correction_FR_%ed_impr": -185.22295848713796, "predicted_correction_NL_%ed_impr": -103.49414604566003, "predicted_correction_PL_%ed_impr": -129.7970770565611, "predicted_correction_SL_%ed_impr": -174.851599699516}
